"","First Name","Last Name","Overall","Overall Reliability","Singles","Singles Reliability","Doubles","Doubles Reliability","Mixed","Mixed Reliability","Sex"
"1","Abigail","Nolan",4.577,0.38,4.282,0.34,3.966,0.38,4.577,0.42,"F"
"2","Addi","Morris",5.464,0.32,4.277,0.15,4.107,0.38,5.464,0.42,"F"
"3","Addison","Joyce",4.39,0.37,4.592,0.28,4.123,0.29,4.455,0.53,"F"
"4","Alexa","Tueller",4.664,0.26,4.853,0.26,4.763,0.27,4.376,0.24,"F"
"5","Alexa","Medellin",4.444,0.25,4.5,0,4.34,0.32,4.548,0.44,"F"
"6","Alexandra","Mcdonald",5.271,0.45,5.696,0.36,5.25,0.48,5.291,0.5,"F"
"7","Alivia","Lubenow",4.238,0.41,4.237,0.42,4.722,0.34,3.754,0.48,"F"
"8","Ally","Duke",4.633,0.41,4.5,0,4.644,0.62,4.621,0.6,"F"
"9","Aly","Evanson",4.918,0.39,4.429,0.15,4.895,0.5,4.94,0.53,"F"
"10","Alyssa","Perkins",4.542,0.19,4.5,0,4.534,0.24,4.542,0.33,"F"
"11","amanda","seigle",4.782,0.42,4.5,0,4.773,0.64,4.791,0.62,"F"
"12","Amy","Fei",4.489,0.53,4.311,0.52,4.513,0.53,4.643,0.53,"F"
"13","Anna","Nichols",4.954,0.19,4.5,0,4.25,0.27,4.954,0.29,"F"
"14","Ariel","Tobiasson",4.593,0.21,4.5,0,4.779,0.32,4.407,0.31,"F"
"15","Armelle","Worrel",4.951,0.47,4.637,0.3,5.173,0.55,5.043,0.55,"F"
"16","Ashley","Poshard",4.403,0.46,4.5,0,4.551,0.73,4.255,0.65,"F"
"17","Aubrey","Wagner",4.127,0.44,4.166,0.28,3.943,0.52,4.271,0.52,"F"
"18","Averee","Beck",5.514,0.66,5.542,0.69,5.597,0.59,5.403,0.69,"F"
"19","Belani","Soto",4.28,0.21,4.5,0,4.201,0.31,4.36,0.31,"F"
"20","Brenna","Murray",5.471,0.63,5.561,0.68,5.577,0.61,5.273,0.6,"F"
"21","Brenna","Gross",4.477,0.21,4.5,0,4.5,0,4.477,0.62,"F"
"22","Brice","Howe",5.035,0.47,4.858,0.3,5.173,0.55,5.075,0.55,"F"
"23","Bridget","Nelson",4.283,0.19,4.5,0,4.089,0.27,4.283,0.29,"F"
"24","Brinley","Horton",4.49,0.29,4.5,0,4.494,0.5,4.486,0.36,"F"
"25","brisa","cortes",4.294,0.32,4.448,0.15,4.087,0.34,4.294,0.46,"F"
"26","Caraline","Cox",5.192,0.5,5.243,0.37,5.214,0.56,5.12,0.56,"F"
"27","Carley","Anderson",3.992,0.42,3.801,0.26,4.184,0.5,3.992,0.5,"F"
"28","Carly","Mcnatt",4.401,0.51,4.498,0.5,4.197,0.51,4.507,0.53,"F"
"29","Caroline","Walton",4.611,0.19,4.5,0,4.5,0,4.611,0.58,"F"
"30","Caroline","Houck",3.829,0.26,3.825,0.26,3.864,0.26,3.798,0.27,"F"
"31","Cate","Osika",4.941,0.54,4.838,0.55,5.151,0.54,4.835,0.54,"F"
"32","Chardan","Bonheur",4.588,0.28,4.603,0.28,4.566,0.28,4.594,0.28,"F"
"33","Charlee","Laffey",3.962,0.35,4.063,0.35,3.775,0.35,4.048,0.34,"F"
"34","Christianna","Hornigold",5.181,0.56,5.215,0.55,5.214,0.56,5.113,0.56,"F"
"35","Cindy","Cook",4.232,0.18,4.5,0,4.5,0,4.232,0.55,"F"
"36","Claire","Latham",4.265,0.27,4.395,0.29,4.261,0.26,4.139,0.27,"F"
"37","Colleen","White",3.829,0.26,3.825,0.26,3.864,0.26,3.798,0.27,"F"
"38","Danielle","Halpin",4.849,0.21,4.5,0,5.005,0.31,4.692,0.33,"F"
"39","Dasha","Terson",4.538,0.21,4.5,0,4.5,0,4.538,0.62,"F"
"40","Denby","Nagata",4.522,0.19,4.5,0,4.483,0.29,4.562,0.29,"F"
"41","Diya","Rao",4.423,0.25,4.675,0.26,4.067,0.24,4.525,0.26,"F"
"42","Dodo","Kong",5.615,0.63,5.75,0.69,5.577,0.61,5.518,0.6,"F"
"43","Dylan","Ciampini",5.332,0.44,4.074,0.27,5.264,0.52,5.4,0.53,"F"
"44","Eden","Wilson",4.177,0.27,4.331,0.28,4.456,0.27,3.744,0.26,"F"
"45","Elaina","Schilt",4.947,0.45,4.94,0.52,5.151,0.54,4.749,0.3,"F"
"46","Elise","Gattey",4.086,0.26,4.15,0.26,3.905,0.26,4.202,0.25,"F"
"47","Elitza","Lopez",4.608,0.55,4.542,0.48,5.328,0.49,3.954,0.68,"F"
"48","Elizabeth","Herren",4.474,0.48,4.305,0.44,3.878,0.49,5.24,0.52,"F"
"49","Elizabeth","Hardie",3.892,0.17,4.5,0,3.892,0.29,4.21,0.23,"F"
"50","Ella","Barclay",4.788,0.39,4.945,0.15,4.883,0.52,4.694,0.5,"F"
"51","Elle","Koch",4.151,0.28,4.251,0.28,4.263,0.28,3.94,0.27,"F"
"52","Elle beth","Isabell",3.93,0.26,4.101,0.26,3.665,0.26,4.025,0.26,"F"
"53","Elli","Carroll",4.201,0.19,4.5,0,4.201,0.31,4.089,0.27,"F"
"54","Emiliana","Marquez",5.151,0.21,4.5,0,5.062,0.32,5.24,0.32,"F"
"55","emily","lara",4.683,0.53,4.558,0.53,4.999,0.53,4.491,0.53,"F"
"56","Emily","Miller",4.695,0.46,4.626,0.11,4.718,0.54,4.74,0.73,"F"
"57","Emily","Tackitt",4.582,0.21,4.5,0,4.303,0.31,4.861,0.32,"F"
"58","Emily","Lu",4.368,0.2,4.5,0,4.354,0.31,4.382,0.29,"F"
"59","Flora","Vogel",4.587,0.2,4.305,0.11,4.761,0.13,4.696,0.37,"F"
"60","Gabriella","Tavolato",4.265,0.27,4.395,0.29,4.261,0.26,4.139,0.27,"F"
"61","Georgia","Simpson",4.498,0.3,4.641,0.3,5.075,0.31,3.779,0.29,"F"
"62","Gia","Garrett",4.504,0.27,4.35,0.27,4.352,0.26,4.81,0.29,"F"
"63","Grace","Hamilton",4.795,0.42,5.132,0.27,4.883,0.52,4.707,0.47,"F"
"64","Gracie","Watkins",4.273,0.28,4.541,0.28,4.301,0.28,3.976,0.28,"F"
"65","Hailey","Eldridge",4.586,0.21,4.5,0,4.5,0,4.586,0.64,"F"
"66","Halie","Kealoha",4.413,0.34,3.656,0.15,4.303,0.34,4.523,0.53,"F"
"67","Hannah","Jiang",5.354,0.37,4.846,0.34,4.99,0.34,5.354,0.42,"F"
"68","Hannah","Adams",4.67,0.29,4.5,0,4.772,0.42,4.569,0.44,"F"
"69","Hannah","Bai",4.571,0.2,4.5,0,4.673,0.31,4.468,0.29,"F"
"70","Hannah","Rhoderick",4.44,0.19,4.5,0,4.5,0,4.44,0.58,"F"
"71","Hannah","Nelson",4.39,0.27,4.282,0.27,4.774,0.28,4.112,0.27,"F"
"72","Hannah","Eldridge",4.126,0.38,4.092,0.15,3.802,0.5,4.45,0.49,"F"
"73","Hannah","Jones",3.977,0.27,4.312,0.29,3.757,0.26,3.861,0.26,"F"
"74","Heather","Murphy",5.055,0.47,4.755,0.28,5.176,0.56,5.235,0.56,"F"
"75","Heather","Kim",4.592,0.36,5.118,0.38,4.038,0.27,4.592,0.44,"F"
"76","Heidi","Blackwell",4.39,0.27,4.282,0.27,4.774,0.28,4.112,0.27,"F"
"77","Isabella","Dahir",4.361,0.18,4.5,0,4.5,0,4.361,0.55,"F"
"78","Isabella","Budge",4.187,0.18,4.5,0,4.534,0.24,4.187,0.31,"F"
"79","Jaden","Sebastian",5.278,0.29,5.317,0.29,5.181,0.29,5.337,0.3,"F"
"80","Jane","Schaeffer",4.8,0.23,4.5,0,4.5,0,4.8,0.68,"F"
"81","Janel","Straub",4.51,0.28,4.448,0.28,4.602,0.28,4.481,0.27,"F"
"82","Janet","Openshaw",4.224,0.22,4.5,0,4.5,0,4.224,0.65,"F"
"83","Jenna","Chronister",4.272,0.28,4.275,0.28,4.449,0.28,4.091,0.27,"F"
"84","Jennifer","Georgariou",4.618,0.18,4.5,0,4.5,0,4.618,0.55,"F"
"85","Jessica","Thomas",5.277,0.46,5.098,0.3,5.671,0.53,5.062,0.55,"F"
"86","Jessica","Pil",5.226,0.38,4.939,0.27,5.201,0.42,5.251,0.44,"F"
"87","Jessica","Hreljac",4.728,0.51,4.5,0,4.747,0.76,4.708,0.77,"F"
"88","Jolene","Neher",4.286,0.2,4.5,0,4.5,0,4.286,0.6,"F"
"89","Julia","Holec",4.613,0.23,4.5,0,4.5,0,4.613,0.68,"F"
"90","Julia","Kimack",3.995,0.3,4.363,0.15,4.734,0.34,3.995,0.42,"F"
"91","Julia","Tyseling",4.55,0.18,4.5,0,4.5,0,4.55,0.55,"F"
"92","Kaitlyn","Jarold",4.151,0.28,4.251,0.28,4.263,0.28,3.94,0.27,"F"
"93","Kalanie","Newcomb",4.086,0.26,4.15,0.26,3.905,0.26,4.202,0.25,"F"
"94","Kaley","Brancaccio",4.595,0.46,4.415,0.33,4.757,0.52,4.612,0.52,"F"
"95","Kamryn","Bliss",5.507,0.65,5.557,0.68,5.511,0.59,5.453,0.68,"F"
"96","Kate","Ericksen",4.423,0.27,4.675,0.26,4.067,0.27,4.525,0.28,"F"
"97","katelyn","hsu",4.683,0.28,4.5,0,4.613,0.5,4.754,0.34,"F"
"98","Katie","Yates",4.504,0.28,4.334,0.29,4.523,0.28,4.656,0.28,"F"
"99","Kaylee","Elison",4.677,0.39,4.5,0,4.677,0.64,4.41,0.52,"F"
"100","Keanna","Williams",4.296,0.37,4.185,0.15,4.228,0.49,4.363,0.47,"F"
"101","Kelly","Murphy",4.78,0.49,4.998,0.49,4.613,0.5,4.73,0.48,"F"
"102","Kendall","Cender",4.273,0.26,4.541,0.26,4.301,0.26,3.976,0.26,"F"
"103","Kendall","Claymon",4.049,0.27,3.948,0.27,4.057,0.27,4.143,0.27,"F"
"104","Kira","Klann",4.59,0.2,4.5,0,4.722,0.29,4.458,0.31,"F"
"105","Kira","Tobita",4.323,0.36,4.284,0.27,4.483,0.33,4.162,0.47,"F"
"106","Lanie","Ruf",4.532,0.29,4.472,0.28,4.476,0.29,4.649,0.29,"F"
"107","Lauren","Schmidt",4.735,0.18,4.5,0,4.5,0,4.735,0.55,"F"
"108","Leah","Black",4.934,0.37,4.706,0.28,4.954,0.29,5.14,0.53,"F"
"109","Leanna","Ching",4.418,0.39,4.168,0.34,4.491,0.38,4.418,0.46,"F"
"110","Leila","Antony",5.381,0.65,5.424,0.64,5.311,0.65,5.409,0.67,"F"
"111","Lili","Zebluim",4.588,0.28,4.603,0.28,4.566,0.28,4.594,0.28,"F"
"112","Lillian","Dehner",4.022,0.35,3.906,0.5,3.884,0.28,4.277,0.28,"F"
"113","Lilly","Shaw",4.873,0.53,4.438,0.52,5.34,0.53,4.841,0.54,"F"
"114","Lucy","Angevine",4.882,0.48,4.967,0.42,4.958,0.49,4.721,0.53,"F"
"115","Lyndsey","Olsen",4.14,0.19,4.5,0,4.417,0.29,3.863,0.29,"F"
"116","Mackenzie","Brown",4.65,0.47,4.499,0.35,4.999,0.53,4.452,0.53,"F"
"117","Mackenzie","Lee",4.514,0.45,4.798,0.34,4.683,0.5,4.345,0.5,"F"
"118","Mackenzie","Fox",4.481,0.28,4.239,0.28,4.239,0.28,4.965,0.27,"F"
"119","Madelyn","Hadwick",4.363,0.26,3.933,0.24,4.488,0.27,4.667,0.28,"F"
"120","Madison","Barrientos",4.373,0.27,4.592,0.28,4.123,0.27,4.403,0.27,"F"
"121","Madison","Morse",4.203,0.36,4.5,0,4.203,0.57,4.261,0.52,"F"
"122","Mae","Stirrup",4.272,0.28,4.275,0.28,4.449,0.28,4.091,0.27,"F"
"123","Maggie","Brennan",4.532,0.29,4.472,0.28,4.476,0.29,4.649,0.29,"F"
"124","Mallory","Franke",5.097,0.2,4.5,0,5.062,0.32,5.132,0.29,"F"
"125","Margaret jane","Piatos",5.1,0.29,5.034,0.3,5.069,0.28,5.197,0.29,"F"
"126","Maribella","Kontil",4.778,0.49,4.554,0.37,4.815,0.55,4.964,0.56,"F"
"127","Martine","Sundsten",4.794,0.5,4.687,0.38,5.196,0.56,4.499,0.55,"F"
"128","Mary","Monson",5.163,0.62,5.31,0.65,5.388,0.54,4.792,0.67,"F"
"129","Mary Layne","Holloway",4.391,0.33,4.5,0,4.552,0.49,4.229,0.5,"F"
"130","Medina","Dore",4.947,0.26,5.156,0.27,4.884,0.26,4.802,0.26,"F"
"131","Megan","Willcox",5.119,0.43,4.651,0.27,5.231,0.51,5.006,0.5,"F"
"132","Mei","Lee",4.608,0.31,4.808,0.35,4.231,0.27,4.408,0.32,"F"
"133","Melinda","Mckinney",4.744,0.43,4.5,0,4.773,0.64,4.715,0.64,"F"
"134","Melissa","Gantz",4.447,0.21,4.5,0,4.5,0,4.447,0.62,"F"
"135","Melody","Liu",4.642,0.28,4.273,0.15,4.73,0.35,4.555,0.33,"F"
"136","Mia","Engelbart",4.886,0.42,4.653,0.36,4.722,0.34,5.282,0.55,"F"
"137","Mia","Morgan",4.608,0.39,4.479,0.52,4.508,0.13,4.837,0.52,"F"
"138","Mia","Ramos",4.274,0.33,4.5,0,3.878,0.49,4.67,0.51,"F"
"139","Michelle","Dipuma",4.498,0.6,4.292,0.53,4.814,0.64,4.388,0.64,"F"
"140","Michelle","Panuncialman",4.013,0.27,4.5,0,3.985,0.34,4.041,0.47,"F"
"141","Miranda","Meats",4.639,0.42,4.5,0,4.644,0.62,4.633,0.64,"F"
"142","Mollie","Morrisey",4.51,0.28,4.448,0.28,4.602,0.28,4.481,0.27,"F"
"143","Morgan","Loudon",4.504,0.27,4.35,0.27,4.352,0.26,4.81,0.29,"F"
"144","Nancy","Wheat",4.565,0.22,4.5,0,4.5,0,4.565,0.65,"F"
"145","Natalie","Kessler",4.45,0.28,4.431,0.28,4.313,0.28,4.606,0.29,"F"
"146","Natalie","Perez",4.263,0.32,4.448,0.15,4.087,0.34,4.263,0.46,"F"
"147","Nila","Kumar",4.049,0.27,3.948,0.27,4.057,0.27,4.143,0.27,"F"
"148","Nina","Pignatello",4.004,0.3,4.5,0,4.089,0.27,4.004,0.63,"F"
"149","Nora","Perkins",4.499,0.6,4.535,0.52,4.443,0.63,4.518,0.65,"F"
"150","Nyliam","Gazze",5.054,0.48,4.88,0.57,5.176,0.56,5.106,0.3,"F"
"151","Olivia","Phillips",4.664,0.26,4.853,0.26,4.763,0.27,4.376,0.24,"F"
"152","Olivia","Parsons",4.177,0.27,4.331,0.28,4.456,0.27,3.744,0.26,"F"
"153","Olivia","Armas",4.52,0.63,5.052,0.31,4.25,0.78,4.26,0.81,"F"
"154","Parker","Franklin",4.599,0.46,4.415,0.34,4.757,0.52,4.625,0.52,"F"
"155","Quinn","Dutrey",4.44,0.33,4.5,0,4.791,0.5,4.089,0.49,"F"
"156","Rachel","Garff",5.161,0.55,5.254,0.54,5.139,0.55,5.089,0.57,"F"
"157","Rachel","Sherrill",4.826,0.22,4.5,0,4.673,0.31,4.978,0.34,"F"
"158","Raegan","Lombardo",3.93,0.26,4.101,0.26,3.665,0.26,4.025,0.26,"F"
"159","Reese","Ashdown",4.403,0.33,4.5,0,4.228,0.49,4.577,0.5,"F"
"160","Samantha","Meadows",4.028,0.42,4.016,0.25,3.857,0.5,4.211,0.52,"F"
"161","Sammie","Arnold",4.34,0.19,4.5,0,4.34,0.29,4.656,0.27,"F"
"162","Scotland","Reynolds",5.165,0.45,5.407,0.29,5.347,0.54,4.741,0.53,"F"
"163","Shae","Spencer",5.072,0.45,5.156,0.27,5.005,0.53,5.056,0.56,"F"
"164","Shaina","Berk",4.057,0.35,3.92,0.27,4.13,0.34,4.057,0.44,"F"
"165","Shannon","Anderson",4.363,0.26,3.933,0.24,4.488,0.27,4.667,0.28,"F"
"166","Shannon","Burns",4.294,0.43,4.706,0.27,4.791,0.5,3.796,0.51,"F"
"167","Sofia","Ohlson",4.145,0.3,4.42,0.15,4.301,0.34,4.145,0.42,"F"
"168","Sophia","Thompson",4.417,0.38,4.465,0.15,4.618,0.49,4.217,0.5,"F"
"169","Sophia","Gargiulo",4.372,0.33,4.195,0.15,4.491,0.38,4.372,0.46,"F"
"170","Sophia","Friedl",4.864,0.46,4.716,0.53,4.954,0.28,4.922,0.57,"F"
"171","Stella","Tran",4.34,0.27,4.385,0.15,4.354,0.33,4.326,0.32,"F"
"172","Summer","Mu",5.134,0.54,5.19,0.54,5.087,0.53,5.124,0.54,"F"
"173","Sydney","Horner",4.024,0.25,3.801,0.26,4.21,0.25,4.062,0.24,"F"
"174","Tanvi","Narendran",4.969,0.22,4.5,0,4.779,0.32,5.16,0.33,"F"
"175","Tara","Franke",5.272,0.46,5.098,0.29,5.671,0.53,5.049,0.55,"F"
"176","Taylor","Sanders",3.977,0.27,4.312,0.29,3.757,0.26,3.861,0.26,"F"
"177","Tori","Allen",4.441,0.2,4.5,0,4.5,0,4.441,0.61,"F"
"178","Tori","Burke",4.139,0.27,4.166,0.27,3.953,0.27,4.297,0.28,"F"
"179","Tristin","Foster",5.177,0.46,5.183,0.28,5.139,0.55,5.209,0.55,"F"
"180","Valeria","Meruvia",4.557,0.63,4.308,0.63,4.814,0.64,4.549,0.63,"F"
"181","Victoria","Marquez",4.389,0.5,4.479,0.47,4.197,0.51,4.491,0.53,"F"
"182","Vivianne","Ngo",4.906,0.5,4.572,0.3,5.038,0.61,5.108,0.59,"F"
"183","Yolena","Carlon",5.306,0.61,5.354,0.64,5.395,0.53,5.168,0.66,"F"
"184","Ysabelle","Andrion",4.481,0.33,4.5,0,4.181,0.5,4.781,0.48,"F"
"185","Zoe","Routson",5.061,0.48,5.13,0.36,4.715,0.54,5.339,0.54,"F"
"186","Adam","Jones",5.092,0.46,5.625,0.34,5.188,0.5,4.995,0.53,"M"
"187","Aditya","Nallur",4.096,0.25,4.183,0.26,4.043,0.26,4.062,0.24,"M"
"188","Aidan","Gorneau",4.319,0.36,4.353,0.37,4.554,0.37,4.048,0.34,"M"
"189","Aidan","Arpachinda",4.302,0.28,4.582,0.29,4.211,0.28,4.112,0.27,"M"
"190","Aidan","Gonzales",4.218,0.26,4.106,0.26,4.272,0.26,4.277,0.26,"M"
"191","Aidan","Voong",4.151,0.36,3.594,0.29,4.194,0.47,4.664,0.33,"M"
"192","Aiden","Christesen",3.882,0.42,3.831,0.5,3.839,0.5,3.976,0.26,"M"
"193","Aj","Ciampini",4.688,0.57,4.583,0.5,4.647,0.54,4.833,0.67,"M"
"194","Aj","Hughes",3.845,0.26,4.052,0.27,3.74,0.26,3.744,0.26,"M"
"195","Alexander","Qi",4.896,0.54,4.679,0.52,4.859,0.56,5.149,0.54,"M"
"196","Alon","Evron",4.535,0.45,4.5,0,4.643,0.7,4.427,0.65,"M"
"197","Amrit","Kar",4.55,0.45,4.803,0.54,4.243,0.52,4.606,0.29,"M"
"198","Andre","Vu",4.575,0.43,4.234,0.27,4.456,0.51,4.694,0.5,"M"
"199","Andres","Tardio",4.978,0.48,4.76,0.35,4.883,0.55,5.29,0.55,"M"
"200","Arden","Levin",4.702,0.54,4.446,0.53,4.919,0.55,4.741,0.55,"M"
"201","Arden","Light",4.258,0.54,4.214,0.47,4.622,0.47,3.937,0.68,"M"
"202","Arnav","Kumar",4.672,0.28,4.681,0.29,4.742,0.28,4.594,0.28,"M"
"203","Artur","Fonseca",4.999,0.39,4.28,0.15,5.423,0.5,4.575,0.52,"M"
"204","Ben","Spencer",4.471,0.42,5.008,0.27,4.059,0.48,4.883,0.52,"M"
"205","Benjamin","Tighe",3.808,0.26,3.799,0.26,3.765,0.26,3.861,0.26,"M"
"206","Benjamin","Johnson",3.757,0.19,4.5,0,3.757,0.29,3.882,0.27,"M"
"207","Benson","Parry",5.471,0.62,5.213,0.57,5.448,0.6,5.753,0.69,"M"
"208","Bhavdeep","Singh",4.621,0.41,4.5,0,4.621,0.73,4.357,0.5,"M"
"209","Bill","Rogers",4.441,0.2,4.5,0,4.5,0,4.441,0.61,"M"
"210","Blake","Goodman",5.234,0.21,4.5,0,5.213,0.33,5.255,0.31,"M"
"211","Brady","Madrid",4.341,0.2,4.5,0,4.196,0.29,4.486,0.32,"M"
"212","Brandon","Tong",4.588,0.29,4.5,0,4.769,0.52,4.407,0.35,"M"
"213","Brandon","Bell",4.225,0.36,4.126,0.53,4.272,0.28,4.277,0.28,"M"
"214","Brock","Masters",4.662,0.63,4.843,0.63,4.595,0.62,4.549,0.63,"M"
"215","Bryce","Larson",4.892,0.3,4.415,0.16,4.141,0.27,4.892,0.48,"M"
"216","Bryce","Dorton",4.265,0.27,4.426,0.28,4.225,0.26,4.143,0.27,"M"
"217","Caeden","Simpson",4.602,0.28,4.59,0.28,4.736,0.28,4.481,0.27,"M"
"218","Caiden","Lindsay",4.55,0.18,4.5,0,4.5,0,4.55,0.55,"M"
"219","Caleb","Yeung",4.859,0.46,4.838,0.53,4.903,0.3,4.835,0.54,"M"
"220","Caleb","Hughes",4.543,0.3,4.131,0.29,4.688,0.31,4.81,0.29,"M"
"221","Calvin","Chang",4.474,0.37,4.777,0.33,4.584,0.33,4.063,0.44,"M"
"222","Carter","Maris",5.291,0.65,5.154,0.64,5.31,0.65,5.409,0.67,"M"
"223","Carter","Eldridge",4.905,0.4,5.027,0.13,5.05,0.53,4.639,0.55,"M"
"224","Carter","Wittendorf",4.586,0.53,4.717,0.51,4.502,0.53,4.538,0.55,"M"
"225","Charles","Case",4.793,0.27,4.899,0.28,4.677,0.26,4.802,0.26,"M"
"226","Charles","Anderson",4.68,0.53,4.411,0.52,4.675,0.52,4.954,0.55,"M"
"227","Charlie","Hall",4.601,0.28,4.554,0.28,4.846,0.28,4.403,0.27,"M"
"228","Charlie","Lott",4.53,0.29,4.5,0,4.293,0.44,4.767,0.42,"M"
"229","Chase","Poulton",4.029,0.19,4.5,0,4.196,0.29,3.863,0.29,"M"
"230","Chris","Adams",4.684,0.3,5.126,0.15,4.684,0.42,4.515,0.34,"M"
"231","Christian","Balon",4.95,0.2,4.5,0,4.95,0.33,4.089,0.27,"M"
"232","Christian","Franke",4.907,0.56,4.693,0.55,5.219,0.56,4.81,0.56,"M"
"233","Christopher","Petropoulos",4.436,0.28,4.467,0.28,4.701,0.28,4.139,0.27,"M"
"234","Cj","Sojka",4.183,0.27,4.283,0.27,4.174,0.26,4.091,0.27,"M"
"235","Cody","Miller",5.131,0.47,5.026,0.3,5.133,0.56,5.235,0.56,"M"
"236","Conner","Koga",4.524,0.33,4.315,0.15,4.486,0.5,4.562,0.34,"M"
"237","Conor","Burns",5.163,0.6,5.239,0.61,5.019,0.6,5.231,0.6,"M"
"238","Cooper","England",3.885,0.25,3.833,0.24,3.845,0.24,3.976,0.26,"M"
"239","Cosmo","Anthony-mostad",4.94,0.37,4.793,0.54,5.091,0.29,4.936,0.27,"M"
"240","Daniel","Korman",5.164,0.4,5.376,0.36,4.951,0.49,4.353,0.34,"M"
"241","Daniel","Vivas",4.575,0.53,4.744,0.33,4.595,0.62,4.388,0.64,"M"
"242","Daniel","Rodi",4.33,0.28,4.011,0.36,4.126,0.35,4.852,0.12,"M"
"243","Danny","Ward",4.09,0.41,4.635,0.27,4.386,0.47,3.794,0.48,"M"
"244","Derik","Hyndman",4.476,0.29,5.025,0.34,4.256,0.14,4.696,0.38,"M"
"245","Derrick","Phu",4.508,0.19,4.5,0,4.635,0.29,4.382,0.29,"M"
"246","Devin","Slemmer",4.324,0.26,4.398,0.26,4.55,0.26,4.025,0.26,"M"
"247","Drew","Pollak",4.533,0.36,4.563,0.3,4.74,0.53,4.297,0.26,"M"
"248","Duncan","Homer",4.793,0.27,4.899,0.28,4.677,0.26,4.802,0.26,"M"
"249","Edward","Gardner",4.599,0.43,4.778,0.27,4.548,0.51,4.472,0.51,"M"
"250","Eli","Mautner",4.959,0.58,5.102,0.57,4.991,0.59,4.785,0.58,"M"
"251","Eli","Vu",4.177,0.41,4.4,0.27,4.102,0.5,4.251,0.46,"M"
"252","Eli","Lynskey",4.109,0.13,4.296,0.13,3.809,0.13,4.222,0.13,"M"
"253","Eli","Mounts",4.007,0.26,3.828,0.26,3.991,0.26,4.202,0.25,"M"
"254","Elliott","Cox",4.265,0.27,4.426,0.28,4.225,0.26,4.143,0.27,"M"
"255","Eric","Marlatt",4.699,0.43,4.5,0,4.684,0.64,4.715,0.64,"M"
"256","Eric","Lee",4.653,0.28,4.696,0.29,4.299,0.28,4.965,0.27,"M"
"257","Ethan","Mahony",4.972,0.43,5.079,0.34,4.979,0.52,4.857,0.42,"M"
"258","Ethan","Nguyen",4.255,0.22,4.5,0,4.5,0,4.255,0.65,"M"
"259","Ethan","Kling",4.007,0.26,3.828,0.26,3.991,0.26,4.202,0.25,"M"
"260","Evan","Bernstine",4.977,0.45,4.863,0.48,5.092,0.46,4.566,0.4,"M"
"261","Freddy","Ortmann",4.435,0.53,4.409,0.53,4.359,0.53,4.535,0.53,"M"
"262","Gabriel","Jacobsen ayala",4.551,0.48,4.5,0,4.643,0.7,4.46,0.75,"M"
"263","Gavin","Fowler",4.825,0.26,5.224,0.28,4.876,0.26,4.376,0.24,"M"
"264","George","Ross",3.937,0.27,4.092,0.27,3.779,0.26,3.94,0.27,"M"
"265","Grant","Riechmann",5.151,0.29,4.5,0,5.398,0.44,4.903,0.42,"M"
"266","Gregory","Chot",4.735,0.18,4.5,0,4.5,0,4.735,0.55,"M"
"267","Harrison","Smith",3.937,0.27,4.092,0.27,3.779,0.26,3.94,0.27,"M"
"268","Isaak","Truong",3.84,0.32,3.64,0.39,3.84,0.29,4.221,0.27,"M"
"269","Isamu","Sims",3.757,0.19,4.5,0,3.757,0.29,3.905,0.27,"M"
"270","Ishan","Kejriwal",4.358,0.46,4.686,0.42,4.221,0.5,4.169,0.46,"M"
"271","issaya","finley",4.227,0.43,4.5,0,4.229,0.65,4.224,0.65,"M"
"272","Jace","Wilkins",4.528,0.38,4.72,0.15,4.48,0.5,4.577,0.5,"M"
"273","Jack","Sugimoto",5.1,0.46,4.964,0.47,5.236,0.52,3.338,0.38,"M"
"274","Jack","Moulton",4.672,0.28,4.681,0.29,4.742,0.28,4.594,0.28,"M"
"275","Jackson","Tate",4.594,0.35,4.726,0.36,4.433,0.33,4.621,0.36,"M"
"276","Jackson","Bell",4.457,0.44,4.167,0.51,4.538,0.52,4.667,0.28,"M"
"277","Jacob","Samberg",4.663,0.45,4.346,0.28,4.675,0.52,4.967,0.55,"M"
"278","Jacob","Wilson",4.508,0.4,4.5,0,4.226,0.57,4.791,0.62,"M"
"279","Jacob","Nguyen",4.419,0.51,4.121,0.47,4.535,0.52,4.6,0.53,"M"
"280","Jaden","Rhoderick",4.44,0.19,4.5,0,4.5,0,4.44,0.58,"M"
"281","Jadon","Wing",4.602,0.28,4.59,0.28,4.736,0.28,4.481,0.27,"M"
"282","Jake","Wilson",5.074,0.5,5.445,0.57,4.714,0.37,5.063,0.56,"M"
"283","Jake","Bower",5.034,0.48,4.889,0.54,4.961,0.36,5.252,0.54,"M"
"284","Jake","Stolworthy",4.449,0.38,4.5,0,4.449,0.65,4.668,0.5,"M"
"285","Jared","Brungard",5.079,0.57,4.929,0.51,5.385,0.54,4.922,0.67,"M"
"286","Jason","Wheat",4.565,0.22,4.5,0,4.5,0,4.565,0.65,"M"
"287","Jayce","Fitzpatrick",4.879,0.29,4.543,0.28,5.284,0.29,4.81,0.29,"M"
"288","Jeffrey","Dong",4.911,0.39,4.344,0.34,4.967,0.34,4.855,0.5,"M"
"289","Jonathan","Dong",4.493,0.3,5.096,0.15,4.278,0.33,4.708,0.41,"M"
"290","Jonathan","Atkinson",3.845,0.26,4.052,0.27,3.74,0.26,3.744,0.26,"M"
"291","Jordan","Schaeffer",4.8,0.23,4.5,0,4.5,0,4.8,0.68,"M"
"292","Joseph","Enciso",4.618,0.18,4.5,0,4.5,0,4.618,0.55,"M"
"293","Josh","Phillips",4.737,0.21,4.674,0.14,4.778,0.37,4.76,0.13,"M"
"294","Joshua","Iturriaga",4.368,0.27,4.5,0,4.193,0.34,4.368,0.46,"M"
"295","Judah","Samples",4.929,0.29,4.5,0,4.922,0.42,4.936,0.44,"M"
"296","Justin","Brunner",4.661,0.39,4.621,0.42,4.7,0.52,4.21,0.23,"M"
"297","Kaleb","Roberts",4.196,0.19,4.5,0,4.196,0.29,3.759,0.27,"M"
"298","Kalen","Harbaugh",5.202,0.49,5.166,0.55,5.202,0.55,5.239,0.36,"M"
"299","Keegan","Mcbride",4.937,0.47,4.885,0.29,4.935,0.56,4.992,0.55,"M"
"300","Kenny","Jiang",4.653,0.28,4.696,0.29,4.299,0.28,4.965,0.27,"M"
"301","Kent","Renda",4.272,0.28,3.84,0.36,4.126,0.35,4.852,0.12,"M"
"302","Kevin","Kanavaloff",4.421,0.32,4.5,0,4.48,0.5,4.363,0.47,"M"
"303","Korey","Seyler",4.447,0.21,4.5,0,4.5,0,4.447,0.62,"M"
"304","Kris","Sowattanangkul",4.283,0.33,4.5,0,4.221,0.5,4.345,0.5,"M"
"305","Kyle","Elison",4.679,0.39,4.5,0,4.679,0.64,4.261,0.52,"M"
"306","Lane","Chatterton",4.436,0.28,4.467,0.28,4.701,0.28,4.139,0.27,"M"
"307","Liam","Duffin",5.004,0.6,4.929,0.55,5.201,0.58,4.882,0.68,"M"
"308","Logan","Daniels",4.617,0.44,4.5,0,4.757,0.69,4.477,0.62,"M"
"309","Luis","Fernandez-valle",4.513,0.51,4.426,0.49,4.501,0.53,4.612,0.52,"M"
"310","Luke","Williams",5.052,0.54,4.86,0.54,5.156,0.54,5.14,0.53,"M"
"311","Luke","Domke",4.616,0.45,5.001,0.54,4.243,0.52,4.606,0.29,"M"
"312","Luke","Foster",4.205,0.36,4.508,0.52,4.043,0.28,4.062,0.27,"M"
"313","Manning","Kalish",4.538,0.21,4.5,0,4.5,0,4.538,0.62,"M"
"314","Marin","Davis",4.278,0.19,4.5,0,4.278,0.31,4.496,0.27,"M"
"315","Matthew","Choy",3.922,0.27,3.817,0.26,4.151,0.27,3.798,0.27,"M"
"316","Michael","Asplund",5.271,0.54,5.253,0.3,5.31,0.65,5.25,0.66,"M"
"317","Michael","Mcdonald",4.578,0.48,4.526,0.52,4.647,0.54,4.561,0.38,"M"
"318","Michael","Garcia",4.337,0.27,4.5,0,4.193,0.34,4.337,0.46,"M"
"319","Mike","Cook",4.232,0.18,4.5,0,4.5,0,4.232,0.55,"M"
"320","Miles","Kreutzer",4.869,0.56,4.609,0.57,5.034,0.55,4.964,0.56,"M"
"321","Minh","Vu",4.637,0.44,4.5,0,4.641,0.67,4.633,0.64,"M"
"322","Mitchell","Fong",4.407,0.31,4.166,0.15,4.215,0.34,4.407,0.44,"M"
"323","Myles","Call",4.399,0.47,4.409,0.53,4.337,0.35,4.452,0.53,"M"
"324","Nathan","Tang",5.126,0.26,5.415,0.11,4.967,0.31,4.995,0.36,"M"
"325","Nathan","Christensen",4.187,0.19,4.5,0,4.074,0.27,4.187,0.31,"M"
"326","Nicholas","Wise",4.698,0.34,4.5,0,4.84,0.51,4.555,0.51,"M"
"327","Nick","Hogge",5.105,0.29,5.026,0.3,5.184,0.28,5.106,0.29,"M"
"328","Nick","Colorado",4.825,0.33,4.5,0,4.614,0.5,5.035,0.5,"M"
"329","Nile","Roth",4.662,0.43,4.5,0,4.737,0.64,4.586,0.64,"M"
"330","Noah","Eckert",4.689,0.43,4.5,0,4.757,0.69,4.621,0.6,"M"
"331","Noah","Yeung",4.655,0.21,4.5,0,4.95,0.33,4.36,0.31,"M"
"332","Noah","Hong",4.611,0.19,4.5,0,4.5,0,4.611,0.58,"M"
"333","Nui","Afualo",5.039,0.28,4.5,0,5.145,0.42,4.933,0.42,"M"
"334","Oskar","Svensson",4.613,0.23,4.5,0,4.5,0,4.613,0.68,"M"
"335","Pablo esteban","Bustamante",3.922,0.27,3.817,0.26,4.151,0.27,3.798,0.27,"M"
"336","Parker","Eggli",4.825,0.26,5.224,0.28,4.876,0.26,4.376,0.24,"M"
"337","Parker","Tomz",4.406,0.29,4.072,0.37,5.126,0.38,4.021,0.11,"M"
"338","Parth","Hathalia",5.194,0.43,5.332,0.44,5.266,0.44,4.983,0.42,"M"
"339","Patrick","Luu",4.422,0.27,4.5,0,4.386,0.47,4.458,0.34,"M"
"340","Paul","Saraceno",4.624,0.2,4.5,0,4.779,0.32,4.468,0.29,"M"
"341","Peter","Le",4.421,0.45,4.158,0.28,4.179,0.53,4.926,0.55,"M"
"342","Peyton","Short",4.454,0.41,4.5,0,4.454,0.72,4.506,0.51,"M"
"343","Philip","Crotts",5.16,0.21,4.5,0,5.213,0.33,5.108,0.31,"M"
"344","Pierce","Jalajas",4.659,0.44,4.5,0,4.621,0.73,4.696,0.58,"M"
"345","Preston","Lynch",4.766,0.44,4.474,0.15,4.88,0.5,4.652,0.68,"M"
"346","Preston","Gibbs",4.679,0.39,4.5,0,4.679,0.64,4.41,0.52,"M"
"347","Ray","Heinonen",5.029,0.29,5.387,0.14,4.586,0.36,5.115,0.38,"M"
"348","Raymond","Gue",4.461,0.36,4.278,0.27,4.597,0.47,4.326,0.33,"M"
"349","Rhys","Wilson",4.327,0.33,4.5,0,4.486,0.5,4.169,0.48,"M"
"350","Richard","Stratton",4.62,0.26,4.778,0.27,4.556,0.26,4.525,0.26,"M"
"351","Roman","Di Napoli",4.037,0.33,4.5,0,4.102,0.5,3.972,0.5,"M"
"352","Rowen","Pouza",4.697,0.54,4.314,0.53,4.935,0.54,4.841,0.54,"M"
"353","Ryan","Smith",5.396,0.6,5.423,0.6,5.541,0.61,5.224,0.59,"M"
"354","Ryan","Hsiao",5.01,0.45,5.064,0.34,5.236,0.52,4.73,0.48,"M"
"355","Ryan","Walter",4.404,0.47,4.436,0.34,4.359,0.53,4.416,0.53,"M"
"356","Ryan","Olson",4.324,0.26,4.398,0.26,4.55,0.26,4.025,0.26,"M"
"357","Ryan","Flanagan",4.147,0.52,4.613,0.52,3.302,0.51,4.527,0.54,"M"
"358","Sam","Hutner",4.635,0.28,4.692,0.28,4.565,0.28,4.649,0.29,"M"
"359","Sam","Burns",4.283,0.2,4.5,0,3.94,0.27,4.283,0.34,"M"
"360","Sam","Johnson",3.808,0.26,3.799,0.26,3.765,0.26,3.861,0.26,"M"
"361","Samuel","Farris",4.902,0.47,4.683,0.27,4.859,0.56,5.165,0.57,"M"
"362","Samuel","Reising",4.611,0.28,4.567,0.28,4.611,0.29,4.656,0.28,"M"
"363","Samuel","Jones",4.522,0.45,4.606,0.34,4.67,0.5,4.373,0.5,"M"
"364","Scott","Myers",4.404,0.4,4.5,0,4.521,0.6,4.286,0.6,"M"
"365","Sean","Phu",3.84,0.19,4.5,0,3.84,0.29,4.109,0.27,"M"
"366","Sebastian","Accetta",4.768,0.54,4.681,0.53,4.9,0.54,4.723,0.54,"M"
"367","Spencer","Adams",4.612,0.45,4.554,0.28,4.784,0.53,4.499,0.53,"M"
"368","Tam-an","Nguyen",4.361,0.18,4.5,0,4.5,0,4.361,0.55,"M"
"369","Teddy","Morin",4.319,0.36,4.353,0.37,4.554,0.37,4.048,0.34,"M"
"370","Thatcher","Schwendiman",5.122,0.4,4.553,0.3,5.475,0.61,5.338,0.3,"M"
"371","Tobin","teksler",4.567,0.21,4.5,0,4.991,0.35,4.144,0.29,"M"
"372","Trevor","Ju",4.517,0.53,4.506,0.54,4.759,0.53,4.284,0.52,"M"
"373","Will","Wenger",4.183,0.27,4.283,0.27,4.174,0.26,4.091,0.27,"M"
"374","William","Dau",5.145,0.48,5.471,0.42,4.84,0.51,5.125,0.52,"M"
"375","Xavier","Nccorchuk",4.694,0.33,4.5,0,5.096,0.5,4.293,0.5,"M"
"376","Zach","Mersch",4.582,0.38,4.438,0.15,4.456,0.51,4.707,0.47,"M"
"377","Zach","Tone",4.363,0.52,4.297,0.53,4.269,0.51,4.524,0.51,"M"
"378","Zachary","Guy",4.604,0.37,4.567,0.28,4.588,0.54,4.656,0.28,"M"
"379","Zachary","Kleinerman",4.302,0.28,4.582,0.29,4.211,0.28,4.112,0.27,"M"
"380","Zack","Florendo",4.575,0.52,4.599,0.51,4.501,0.53,4.625,0.52,"M"
